cluster_label,job_title
123,conseiller client
123,conseillers clients anglophones
123,conseiller client francophone experimente
123,conseiller client francophone
123,conseiller client bilingue fr
123,conseiller technique commication
123,comptable client
123,futurs encadrants centre relation client
123,conseiller
123,supports clients
123,team leader relation clients
123,comptes clients
123,client multilingue
123,client
123,conseiller client bilingue
123,relation clients
123,conseiller comptable
123,superviseurs dequipe service client
123,comptable clients
123,clients process b b b
123,client presentiel
123,conseiller client expert beaute
123,conseillers clients experimentes
123,conseiller client bilingue franco
123,conseillers clients experimentes appel sortant
123,conseillers client axe vente
123,conseiller client bilingue italien anglais
123,conseiller client francophone experimente ccfr
123,relation client gestion administrative
123,outsourcer specialist service client
123,service client
55,administration comptabilite
55,procurment officer
55,administrateur systemes reseau
55,project managers
55,maintenance project officer
55,recrutment officer
55,operateur administratif
55,administrateur reseau systeme
55,administratif
55,comptable administratif
55,administration rh social
55,administration
55,legal officer
55,sustainability officer base
55,assitante administrative comptable
55,maintenance coordinator
55,it administrateur microsoft
55,administratif comptable
55,administration base donnees ms sql
55,administratif rh
55,it system administrator base maurice
55,hr officer
55,chief sales officer
55,administrateur erp
55,administrateur independant
55,finance and administration head
55,administrateur wordkay
55,chief finance officer
55,administrateur achats
55,administrative comptable
55,maintenance miaq officer
55,administration reseau systeme
55,administrateur linux
55,administrative
55,human resources officer
55,adjointe administrative
55,recruitment officer
55,fleet supervisor
55,administrateuradministratrice systeme linux
55,operationnel administratif
55,admin officer
55,maintenace project officer
55,managercomptable cabinet
55,project coordinator shift nuit
55,comptable administratif ressources humaines
55,administrateur office azure inte
55,project management officer
55,environmental and social safeguards officer
55,administratif fiancier
55,operations officer
55,administrateur systeme reseau
55,apprenti administration rh social
55,administrateur systeme linux
55,gestionnaire administration personnel social rec adminrh
55,administrateur salesforce
55,lawyer
55,data administrator
55,accoting project officer
162,coursier moto
162,moyen genereaux
162,motos neufs
162,moyens generaux
162,coursier livreur moto
162,moto
49,premiere seconde ligne
49,acheteur hf
49,acheteur
49,acheteur bb
49,administratif ligne
49,acheteur ligne al
49,acheteur technique
49,acheteur ligne
49,acheminement
49,acheteur commercial
114,reseau
114,recouvrement
114,recrutement integration
114,recrutement
114,recruteur
114,recruteur freelance r
114,sourceur recrutement
114,recouvrement arb rr
114,comptable recettes
114,chage recouvrement
114,recherche call
97,exploitation
97,charge commercial
97,commercial
97,coordinateur commercial
97,exploitant commercial
97,gerant commercial
97,merchandiser commercial
97,attache commercial
97,key account commercial
97,consultant commercial
97,administrateur commercial
97,representante commerciale
52,egerie ambassadrice marque
52,professeur danglais primaire
52,instituteur etudiant inscrit cned
52,commerciaux
52,professeur dallemand
52,professeur francais
52,institutricerepetitrice privee cned enfants expatries
52,professeur college matieres litteraires diana
52,relecteurrelectrice document word franais controle qualite
52,poste travail
52,professeur mathematiques
52,enseignant franais college
52,gestionnaire paie franaise
52,professeur francais bilingue
52,marche contenu
52,ambassadeur etou ambassadrice commautaire com
52,editeur contenus livre
52,professeur physique
52,moderateur contenu
52,professeur chimie
52,professeurs danglais etou francais
52,professeur danglais
52,annotateur franais afia
52,gestionnaire paye franaise silae
52,expert paie franaise
52,professeur lettres modernes
52,professeur ecoles classe cm
52,departement moderne trade
52,professeur management
52,professeur biologie
52,recrutement professeur franais distanciel
52,conseillers commerciaux lassurance sante
52,professeurs annee scolaire
52,ingenieur travaux publics
52,correcteurricerelecteurrice langue franaise
52,professeur francais ambohibao professeur danglais mahamasina
52,professeur darabe
52,professeur philosophie
52,paie franaise supervision equipe sociale
52,professeur mathematiques college
52,enseignant primaire
52,directeur ecole primaire
52,institutrice
52,commerciaux interne
52,commerciaux independants
52,sellier capitonneur
52,infirmiere scolaire bibliotheque
52,conseillers commerciaux
52,professeur dinformatique bureautique
52,collaborateur paie franais
52,professeur danglais tsimbazaza
52,contre maitre
52,institutrice prescolaire
52,travaux
52,conseillers commerciaux assurance mutuelle sante
52,vie scolaire ecole primaire
145,test tiana
145,test
205,travel
205,voyage
205,dagence voyage
205,expedition
205,travel consultant
24,qaqc
24,qhse
24,coach qualite departement appel
24,qualite
24,coach qualite
24,qualiticien fren
24,qualite formation
24,qualiticien
24,qhserse
24,qhse qhse
24,cadre qualite cqu mlt qlt
24,coach qualite formation
24,product pql
24,qualite resp qccco
24,qc
24,quart
24,coach qualite appels sortants
24,qa
67,sourcing qualification cv
67,talent acquisition specialist career development specialist
67,talent acquisition specialist
67,talent acquisition
67,talent acquisition specialist recruteur ae
67,talent acquisition recruitment partner
124,juriste
124,achat commissionnaire antsohihy
124,consultant juridique fiscal
124,juridique
124,directeur fiscalite
124,fiscal comptable
124,juriste corporate
124,juriste droit affaires
124,conseiller juridique fiscal
124,juriste fiscaliste
124,fiscalite
124,fiscaliste
124,juriste collaborateur
124,juriste droit international
124,affaires juridiques
124,juridique rh
124,juriste droit publicdroit prive
124,concepteur pedagogique cours fiscalite
124,juriste droit societes
124,juriste publiciste
124,directeur comptable fiscal
124,controleur fiscal comptable
124,juriste droit travail franais
71,stocks
71,gestionnaire stocks
71,gestionnaire stock
71,collaborateurtrice section stock
71,gestionnaire stock approvisionnement femme rhieuf
71,gesionnaire stock specialise cvc
71,controleur stock
71,controleur analyste stock
71,stock
71,controleur stocks
91,dessinateur metreur poste base
91,dessinateur
91,dessinateurrices dao
91,dessinateur dao dd
91,declarant douane
91,deploiement it
91,dessinateur metreur menuiserie aluminium
91,dessinateur dao
91,dessinateurs local
91,dessinateurs
91,dessinateur metreur
91,dessinateur dao bim metrik bim
91,declarant
91,dessinateur hf
91,dessinateur nuage point
91,dessinateur coordinateur dequipe
91,dessinateurs dessinatrices
91,stagiaires dessinateurs dessinatrices
262,auditeurs jiorsseniors recaudit
262,auditeur agriculture biologique
262,auditeur interne confirme
262,inspecteur nr
262,directeur audit controle
262,auditeur interne
262,auditeurs jiorsseniors
262,night auditor
262,investigation
262,auditeur
262,informaticien audit daccessibilite numerique
262,inspecteur qualite
262,collaborateurtrice auditjuridique pole assurance cajinv
262,auditeur qhse interne
262,inspecteur hse
262,auditeur iterne
262,internal audit officer
262,receptioniste night audit
262,night auditor travail nuit
262,auditeur interne auditqhse
262,auditeur jior
192,commissions
192,invoicing
192,production paysannat
192,payroll
192,partenariat paysannat
192,paysagiste
64,conducteurs machine
64,conducteur machine automatisee
64,directeur securite
64,conducteur travaux
64,projeteur coffrage ferraillage
64,dessinateur projeteur solidworks
64,directeur operations
64,directeur commercial
64,dessinateur projeteur bureau detudes solaire
64,directeur marketing
64,testeur qa
64,directeur projets
64,directeur produit
64,directeurtrice ressources humaines
64,projeteur vrd experimente autocad covadis isoraka
64,directeur operations moto
64,directeur systemes dinformation
64,directeur activite karenjy
64,testeur qualite
64,directeur dagence
64,directeur reseau dagence ouest
64,directeur dagence adjoint
64,directeur tresorerie
64,dessinateur projeteur fluides autocad
64,dessinateur projeteur cvcplomberie
64,directeur general dirgen
64,projeteur beton arme
64,coiffeur
64,dessinateurmetreurprojeteur
64,dessinateur projeteur
64,conducteurrice coursierere journalier
64,dessinateur projeteur vrd
64,conducteur moto
64,projeteur fluides experimente autocad
64,directeurrice ressources humaines
64,directeur dexploitation
64,conducteur engins tractopelle
64,directeur directrice operations
64,directeur travaux
64,directeur executif
64,directeur programmes impacts
64,correcteur relecteur
64,directeurtrice dexploitation hoteliere
64,directeur site
64,valideur jour nuit valideur
64,directeur projets ia
64,lecteur correcteur lec
64,directeur agence
64,conducteur machine industrielle
64,directeurtrice departement certification
64,directeur production
64,directeur produit hf
64,directeurtrice qualite
64,directeur dexploitation restauration
64,directeur projet change it
64,directeur adjoint travaux
64,projeteur fluide plomberie cvc
64,projeteur vrd covadis
64,conducteur dengin
64,directeur general groupe
64,adjoint directeur comptable
64,collecteur
64,directeur dusine
64,dessinateur projeteur autocad vrd
64,correcteurtrice professionnel
64,dessinateur projeteur str
64,secteur
64,directeur retail
64,conducteur engins pelle mecanique
64,projeteur vrd
64,testeur api
64,directeur technique
64,directeur operations logistiques
64,directeur dusine adjoint ambohibao
64,directeur dusine production
64,testeur
64,cadre adjoint directeur pole comptabilite externalisee
64,directeur region
64,directeur daudit
64,dessinateur projeteur architecture
64,conducteur travaux tce
64,projeteur jior vrd
64,chauffeur conducteur dengin
64,directeur operations supports
64,directeurdirectrice administratif financier
64,directeur operations immobilier
64,directeur primaire
64,directeur technique salesforce
64,conducteur site
64,projeteur metallerie
64,directeur operations projet
64,conducteur engins tracteur
45,commity confirme
45,commity ava dia
45,commity
45,commity instagram tiktok
45,commity cm
45,commity createur contenu sfs
45,commity hf
45,commity content creator rfcm
284,bras droit ceo fren
284,bras droit ceo
206,ingenieurs developpement java confirme modernisation dapplication perspectives devolution ref devjava
206,developpement rh
206,ingenieurs developpement java confirme modernisation dapplication perspectives devolution
206,developpement business
206,business developper
206,real estate business development
206,ingenieur systemes reseaux polyvalent it deploiement iaml
206,application developpement odoo
206,developpement
206,applications developpements
61,conseiller client tele propsecteuroperateur bilingue
61,repartition routiere tele propsecteurtravail
61,tele prospecteur
61,tele propsecteurphonique specialise tourisme bilingue
61,agents tele propsecteurvente
61,formateur tele propsecteurcommications reseaux
61,prospecteur
61,prospectrice bb
61,ingenieur tele propsecteurcom
61,av admin qualiopi cfa tele propsecteurtravail
61,redacteur process tele propsecteurcom
61,conseiller client tele propsecteuroperateu
61,maintenance tele prospecteurcom energie
61,receptionniste dappels tele propsecteurtravail
61,clientele prospecteur
61,expert tele propsecteurvente mutuelle sante appel sortant
61,monteur video tele propsecteurtravail
61,prospection
61,ingenieur rf broadcasttele propsecteurcom
61,stagiaires tele prospecteurprospecteurs anglophone
61,formateur animateur dequipe tele propsecteurprospecteur
61,designer tele propsecteurtravail
61,dispatch tele propsecteurtravail
61,supports clientele prospecteur debutants
61,commity tele propsecteurtravail
61,quai tele propsecteurpherique
61,apprenti clientele propsecteur
61,ingenieur tele propsecteurcommications
61,tele propsecteurprospectrice prise rendez
61,permanence tele propsecteurphonique nuit
61,clientele prospecteur debutant
61,formateur tele propsecteurvente mutuelle sante
61,amazon tele prospecteurtravail
61,expert reparation ordinateur tele prospecteurphone pieces electroniques
61,tele propsecteurvente
61,expert tele propsecteurvendeur
61,master tele prospecteurtravail
61,setter experimente linkedin tele prospecteurtravail
61,prise rdv tele propsecteurtravail
61,apprentis assistance clientele propsecteur
161,electromenager
161,electricite electronique
161,automaticien
161,electronicien
161,electricien
161,electricien energie solaire
161,electro frigoriste
161,projeteur jior electricite
161,electromecanicien
161,electricien auto
161,projeteur electricite
161,conseil electricite
161,electricite industrielle
161,ingenieur etudes electricite
161,electro
161,plombier electricien
161,dessinateur projeteur electricite
161,electricien confirme
161,electricien installateur
161,electromecanicien elecmecano
161,electro etecnh
161,piscine plomberie electricite
161,electricite
161,ingenieur electromecanicien
160,work force management rh
160,rh
160,rh opccfin tnr
160,interim rrh
160,administration rh
160,rh stagerh
160,rh admin
42,delegue commercial
42,delegue medical dm toliara
42,delivrability
42,delegue medical dm
42,delegue general
42,delegue medical
42,delegue medical rec
226,planificateur jior
226,planificateur
226,jior due diligence and analysis specialist english
226,comptable jior
226,comptables jiors
226,comptable jiorsenior
226,merchandiser jior
226,jior developper
226,hr jior
226,commity jior
226,hse jior tsiroanomandidy
226,consultant commercial jior
9,solaire
9,ingenieur solaire
9,ingenieur commercial
9,ingenieur technique int tnn
9,ingenieur fluide
9,architecte projeteur archicad
9,ingenieur structure
9,architecte
9,ingenieur civil
9,ingenieur bi
9,ingenieur methode
9,ingenieur applicatif
9,dessinateurs architecturaux
9,ingenieur big data ops
9,ingenieur energie solaire
9,ingenieur production
9,ingenieur projet
9,architecte analyse fonciere
9,ingenieur conception electronique
9,ingenieur electronique firmware
9,energie solaire
9,ingenieur net
9,dessinateur projeteur autocad archicad
9,architecte dessinateur revit
9,architecte dinterieur designer despaces
9,ingenieur qa qc
9,ingenieur iaml
9,ingenieur ops
9,ingenieur controle technique constructions
9,ingenieur traitement signal
9,ingenieur detudes courant fort
9,ingenieur data
9,ingenieur it nn
9,ingenieur
9,ingenieur javakotlin
9,ingenieur qaqc
9,ingenieur technique
9,ingenieur hydraulique ingehydro
9,ingenieur connect materiel electronique
9,ingenieur qualite
9,ingenieur detudes structures
9,ingenieur construction
9,ingenieur ouvrages dart
9,ingenieur tehnicien eau
9,architecte dinterieur jior
156,call
156,call sup call
156,call center
156,call officer
156,call center team leader
156,call center team leader anglophone
156,call centre operation executive
15,content
15,salesforce
15,documentaliste
15,webmaster
15,wordpress
15,sharepoint
15,drupal
15,cms
15,magento
19,projet digital projets moa
19,projet digital site
19,projet digital chantier metal
19,projet digital depot
19,projet digital projet seo sea
19,projet digital bureau
19,projet digital
19,projet digital projet erp
19,projet digital projet
19,projet digital projet comptable
19,projet digital depot narive
19,projet digital projet moa
19,projet digital boulanger
19,projet digital comptable
19,projet digital cuisine formateur tulear
19,ingenieur daffaires detudes genie electrique
19,projet digital departement commication
19,projet digital dagence
19,projet digital projet call center
19,projet digital projets
19,projet digital partie cuisine
19,projet digital projets experimente
19,projet digital chantier
19,projet digital projet product owner
19,projet digital operations
19,projet digital projet technique experimente
19,projet digital secteur
19,projet digital blanchisserie
19,projet digital depot provinces
19,projet digital produit
19,projet digital production moe
19,adjoint projet digital branche production
19,projet digital service administration generale
19,adjoint projet digital dequipe atelier production
19,projet digital service qhse
19,projet digital departement finance comptabilite cdfc
19,adjoint projet digital branche technique
19,projet digital projet architecture
19,projet digital mecanicien
19,projet digital projet multifonctionnel
19,projet digital dequipe production
19,projet digital convoi
19,projet digital projet off
19,projet digital projet commication institutionnelle
19,ingenieur genie electrique
19,projet digital production poussins jour
19,projet digitals mission
19,projet digital departement finance comptabilite
19,projet digital mission comptable
19,projet digitals produit commerce
19,projet digital dagence nosy be
19,projet digital partie
19,projet digital guichet soanieran ivongo
19,projet digital projet logistique
19,projet digital cuisinier domicile
19,projet digital dagence toliara
19,projet digital produits
19,projet digital projet formation
19,projet digital projet digital maurice
19,projet digital cuisinier
19,projet digital section
19,projet digital projets technique
19,projet digital pole juridique ressources humaines
19,projet digital projet dequipe production
19,projet digital dequipe atelier
19,projet digital projet ecommerce
19,projet digital partie patisserie
19,projet digital nosy be
19,projet digital service administratif financier
19,projet digital electricien
19,projet digital dagence majga
19,projet digital guichet ambovombe
19,projet digitals mecaniciens brevetes kw
19,projet digital dequipe etancheur
19,projet digital securite arbcs
19,projeteur genie civil experimente
19,ingenieur detudes genie electrique
19,projet digital magasin stock
19,projet digital plombier
19,projet digital dagence province nord
19,projet digital patissier formateur
19,projet digital projet odoo si metier
19,projet digital securite
19,projet digital cuisinier confirme
19,projet digital departement comptabilite
19,projet digital magasinier cmag
19,projet digital dagence ambanja projet digitalagenceabj
19,second projet digital patissier
19,projet digital service secretariat administratif
19,sous projet digital cuisine
19,projet digital projet avicole
19,projet digital division comptabilite
19,producteur contenu digital tiktok
19,projet digital projet php
19,plongeur cuisine
19,projet digital dagence moramanga
19,deux ingenieurs genie industriel
19,projet digital region
19,projet digital ouest
19,projet digital projet industriel
19,projet digital dite production stock
19,cuisine
19,projet digital projet bb gestion dequipe clients franais anglais parle
19,projet digital pole finances comptabilite
19,projet digital projet evenementiel
19,projet digital nord
19,projet digital dequipe
19,blanchisserie
19,projet digital projet genie civil
19,projet digital atelier
19,projet digital departement credit reseau
19,projet digitals missions
19,projet digital projet amelioration continue
19,projet digital projet ict
19,projet digital dequipe douane
19,projet digital farraillage
19,projet digital mecanicien automobile
19,projet digital dagence ambohipo
19,projet digital projet technique
19,product owner projet digital projets freelance
19,projet digital nosy
19,sous projet digital cuisine majga
19,projet digital securite surete
19,projet digital pole strategie developpement
19,projet digital projet immobilier
19,projet digitalfe volet renforcement capacites
19,projet digital chantier genie civil
19,projet digital produit digital
19,projet digital magasin
19,projet digital services achats
19,superintendant digital external communications
19,projet digital magasinier
19,projet digital projet rh
19,projet digital departement controle gestion
19,projet digital partie chaud froid
19,projet digital chaine
19,projet digital poste surete
10,cuisinier
10,cuisinierpatissier
10,patissier
10,filaire
10,patissiercuisinier
10,tresorier
10,ouvrier patissier
10,cuisiniere
10,patissier pf
10,tresorerie cot projet
10,cuisinier diplome debutant accepte ha
10,commis patissier
10,cuisinier specialise cuisine franaise
10,aide cuisinier plongeur
10,tresorerie
10,commis bar
10,patissiers
10,tresorerie groupe
10,siropier
10,commis patisserie
10,cuisinier lessiveur
26,guichetier payeur polyvalent
26,comptable polyvalent confirme
26,daccueil polyvalente
26,polyvalent magasin
26,polyvalent
26,polyvalentcaissier
26,monteur polyvalent
26,chauffeur polyvalent
26,daccueil spa polyvalente
26,plombier polyvalent
26,serveur polyvalent
26,equipier polyvalent friterie
26,electricien polyvalent
26,magasinier polyvalent
26,front end polyvalent
26,scolaire polyvalent
26,six agents comptoir polyvalent
26,polyvalent aps ambalavao ambalavao
116,comptable tresorerie
116,comptable
116,comptable principal
116,comptable comptabilite belge
116,collaborateur saisie collaborateur compable
116,comptable juridique
116,collaborateur comptable
116,collaborateurstrices comptables
116,comptable confirme
116,collaborateur comptable jiorsenior
116,collaborateur comptable jior
116,comptable specialisee comptabilite franaise
116,comptable externalise bilingue freng
116,comptabilite
116,comptable cpt
116,reviseurs comptables
116,collaborateurs comptables
116,collaborateur gestionnaire paie
116,comptable odoo comptabilite malgache
116,reviseur comptable
116,comptable confirmee
116,collabrateur comptable
116,comptable externalisation
116,comptable general confirme
116,comptable general
116,comptable accotant
116,comptable bilingue fren cbjuillet
116,comptable comptabilite francaise
116,technicienne comptable bilingue comptable
116,collaborateurs comptables jiors
116,projet digital comptable groupe
116,collaborateurs gestionnaire paie
116,comptable jior bilingue fr
116,comptable comptabilite franaise cabinet
116,comptables
116,comptable groupe societes
116,comptable groupe
116,comptable rh
116,comptable precision leadership bonne ambiance
116,collaborateur comptable confirme
116,collaborateurstrices comptables collcpt fiduc
116,comptable international
116,comptable somalaval
116,comptables confirmes
116,comptable banque
116,collaborateurs comptables francais allemand
116,collaborateur comptable fr
116,comptabilite francaise
116,collaborateurs comptables jior
116,comptable semi
116,collaborateurs comptables tsimbazaza
116,comptable jior comptabilite franaise
116,comptable confirme cptc
116,comptable externalisation syndic copropriete
116,comptable groupe comptablesengp
57,expert comptable
57,expert data
57,expert referencement seo sea experimente
57,sales expert it
57,expert comptabilite
57,expert metier comptable
57,expert sea
57,comptable expert full ibiza
57,expert marketing digital
57,expert data expertdata
57,collaborateur comptable expert myisoft
57,consultant seasma
57,comptable expert sage coala
57,comptable expert quadratus
57,expert entrepreariat
193,compliance qhse rse
193,site rst
193,rse
193,rssi
193,production rsp tnn
193,supply chain rsc
121,aide maintenancier
121,aide comptable
121,aide labo
121,gardienne denfants aide familiale quebec canada quebec
121,aide administratif
121,aide
281,gestionnaire flotte location
281,operatuer suivie flotte
281,flotte
281,operateur suivi flotte
250,professeur malagasy
250,interprete chinois malagasy malagasy chinois
250,adjoint atelier production montage madagascar anosivavaka
250,adjoint administratif financier island brush company ile maurice madagascar anosivavaka
250,cotry madagascar
98,gestionnaire transport
98,transport logistique
98,directeur logistique transport
98,regulateurs planificateur transport
98,logisticien transport travaux pylones
98,formateur logistique transport
213,bureau detude
213,dessinateur bureau detude
213,bureau detudes respbe
213,bureau detudes ftth
213,topographe bureau detude
28,marketing
28,growth hacker
28,growth marketing
28,affiliate
28,webmarketer
28,projet marketing
28,webmarketer seo
28,marketing compain
28,generaliste marketing
28,expert affiliate management recherche
28,webmarketing
28,stratege marketing numerique
28,growth marketer
28,growth marketer application mobile
28,promoteurs
170,fullstack confirme
170,fullstack
170,developpeurs fullstack
170,fullstack confirme dev
170,developpeurs fullstack confirmes
170,offre fullstack
170,developppeur fullstack wordpress
170,fullstack wordpress api
170,developpeurs fullstack hybride
74,economiste construction general
74,enseignant economie droit
74,econome
74,gouvernance locale activites economiques
74,professeur sciences economiques sociales
74,marche entrepreneuriat
74,economat
109,ched manakara
109,mpanadio
271,app mobile
271,mobile
271,testeur service performance reseau mobile
271,mobile developers
271,ux mobile
271,front end mobile experimente
271,application mobile
271,data engineer applications mobiles ios android coaching
271,webmobile
37,adjoint magasin
37,adjoint responsbale production arp tnn
37,adjoint qualite
37,adjoint maintenance
37,daf adjoint
37,informatique adjoint mayotte
37,administratif polyvalent ag adm
37,adjoint maintenance imc
37,tresorerie adjoint
37,adjoint direction
37,adjoint production
37,adjoints techniques
11,customer care specialist commerce bilingue
11,customer success
11,merchandiser
11,sales
11,sales representative
11,customer succes
11,product owner
11,sales engineer
11,head of traditional sales department
11,sales development representative
11,customer tech specialist francophoneanglophone bilingue freng
11,customer success fren
11,customer
11,merchandiser merch
11,product owner bilingue
11,customer care specialist bilingue
11,merchandiser tanjombato
11,customer experiences
11,merchandiseur
11,inside sales
11,traditional sales department
11,commerce customer care specialist
11,inside sales officer
11,customer care specialist
11,english speaking customer service
11,monetics product owner
11,english customer advisors
11,customer satisfaction officer
11,customer english
11,sales development representative commercial business to business
85,consultant commication institutionnelle
85,consultant bi
85,human resources business partner
85,consultant rh
85,consultant data bi
85,human ressource business partner
85,fonctionnel erp business central
85,consultant enseignant compabilite
85,human resources
85,consultant no
85,human resource business partner
85,consultant ressources humaines
85,recrutement consultants individuels manakara sambava
85,consultant applicatif
85,consultant erp fonctionnel
85,hr business partner
85,consultant dba
85,consultant architecte solutions
85,consultant erp meti
85,consultant independant developpement durable
85,consultante rh
85,consultant accompagnement rh
183,ingenieur python
183,developpeureuse python ia llm rag freelance
183,python
183,python saas
183,pythonfast api
183,data engineer pythonspark
183,fullstack pythondjango
183,pythonodoo
183,python data engineer freelance
183,python fastapi
38,lead java
38,javaphp
38,java
38,java javasenior
38,java swing
38,back end java
38,javaspark
38,fullstack java bilingue
38,data engineer java scala
38,java fullstack
38,plsql webspherejava dv wj
134,depot
134,site majga
134,boutique majga
134,boutique
143,achat
143,achats
143,achats internationaux
143,achat stock
51,chauffeur base
51,chauffeur
51,chauffeur direction habitant imperativement andoharanofotsy
51,chauffeur elevateur
51,chauffeur direction
51,peintre
51,chauffeur manutentionnaire
51,metreur chiffreur tout corps detat
51,chauffeur poids lourd
51,chauffeur voiture particuliere
51,chauffeur coursier
51,chauffeur livreur ref chauff liv
51,peintre automobile
51,chauffeur privee
51,chauffeur direction chdirfe
51,chauffeur livreur
51,quatre aides chauffeurs
51,chauffeur mecanicien
51,chauffeur camion chauffeur
51,fraiseur
51,soudeur
51,chauffeur pl
51,chauffeurmanutentionnaire
51,chauffeur camion benne
51,chauffeur bus
51,livreur aide chauffeur
51,chauffeur semi remorque chauffeur pl
51,soudeur tuyauteur
51,chauffeur location
51,chauffeur poids lourd cpl tnn
51,chauffeur logistique
51,chauffeur convoyeur
51,tourneur fraiseur
51,chauffeur camion
51,chauffeur fort
51,chauffeur livreur recru ppn
51,peintre demonstrateur
51,chasseur talents
51,chauffeurs
23,developpeurs aspose
23,presentateurspresentatrices
79,gestionnaire location commity ia
79,activites province
79,urbaniste amenagement
31,data analyst anglophone
31,it analyst
31,analyste stock
31,business analyst
31,management reporting analyst
31,devdata engineer
31,process analyst
31,analyste tresorerie
31,analyste tresorier
31,data center operations
31,business analyst ia
31,analyste fonctionnel
31,analyste fonctionnel bi finances
31,analyst achat
31,data scientiste
31,data scientist
31,data engineer confirme
31,data analyst
31,data engineer ia antsakaviro
31,business analyst expert
31,analystes financiers
31,investment analyst apprentice
31,consultant operations processus
31,business intelligence
31,data prospector
31,data engineer
31,analyste algo
31,analyste ia
31,consultant fonctionnel crm microsoft dynamics
31,crm data analyst
31,data engineer dbtsql
31,analyste financier bi
31,business process analyst
31,business analyst rh finance
31,data configuration avancee
31,data analyst operations call center
31,analyst idp
31,data analyst looker studio antsakaviro
31,data miner
31,analyste wfm
31,data warehouse bilingue
31,graduate data analyste
31,ia data analyst
31,analyste fonctionnel odoo qualifie anoq
31,finance analyst
31,business analyst it
153,applicatif
153,apprenti dao ref apprenti daoiste
153,appui operationnel
153,apprenti data scientist
153,apprenti frc
153,apprenti rh
153,appel doffres suivi contrat
153,apprenti caviste
153,apprenti engineer
218,front
218,back
218,back end
218,front end
218,front end expert
218,backend
218,developpeurs front end back
218,top
175,gestionnaire paiements fournisseurs internationaux hf
175,gestionnaire immobilisations
175,gestionnaire comptes
175,gestionnaire maintenance confirme
175,gestionnaire rh fr
175,gestionnaire encaissements clients
175,gestionnaire immobilier
175,gestionnaire operationnel fren
175,gestionnaire paie
175,gestion impayes linternational
175,gestionnaire approvisionnement
175,gestionnaire
175,gestionnaire relation client
175,gestionnaire commaute gc
175,gestionnaire recrutement
175,gestionnaire administration rh paie
175,gestionnaire erp gesterp
175,patrimoine gestion locative
175,gestionnaire recouvrement amiable prelevement automatique
175,gestionnaire rh
175,gestionnaire dachat
175,gestionnaire comptabilite
175,gestionnaire paie confirme
175,gestionnaire rh grh
175,gestionnaire projets
175,gestionnaire appels doffre
175,gestionnaire recouvrement administration
175,gestionnaire erp
175,gestion nuisibles
175,gestionnaire camion
175,gestionnaire projet
175,gestionnaire correspondant
175,gestionnaire apprenant
175,gestionnaire paiements fournisseurs internationaux
175,gestionnaire qualite mpe amelioration
175,gestionnaire client
175,gestionnaire contenu
175,gestionnaire reservations relation client fren
175,gestionnaires clientele propsecteur
175,gestionnaire programme
175,interimaire gestionnaire recouvrement prelevement automatique
175,gestionnaire commaute
175,gestionnaire rh comptabilite
175,gestion projet immobilier
175,gestionnaire paiements locaux
175,gestionnaire administratif rh
188,administratif financier coach mentor
188,coach formateur
188,coach sportif multidisciplinaire
188,recherche coach sportif online
188,coach carriere
188,coach
188,coach business
188,coach tennis fitness
188,coach musculation
8,developpement dagence
8,dapplications smartphone
8,dao
8,ingenieur daffaire
8,daudit
8,ingenieur daffaire technique
8,dapplications
8,daccueil
8,daf
8,daffaires corporate
8,hotesse daccueil
8,dapplication ia algorithmique
8,dagence
196,controleur qualite ctq tnn
196,comptable controleur gestion
196,controle qualite
196,controleur gestion
196,controle gestion
196,controleur room
196,controleur permanent
196,controle permanent
196,controleur interne confirme
196,controleur engagements risques
196,controleur interne
196,controle gestion groupe
196,controleur gestion jior cdg jinv
196,offre controle interne
196,controle comptable gestion
196,controleur gestion ref ctrlgest
196,controleur qualite
196,controleur qualite atelier
196,controleuse qualite
196,controle gestion controle gestion
196,operateur control room
196,controleur interne finance
196,controleur permanent confirme nord base majga
196,controleur gestion sambava
196,controleur gestion industriel cdgi
196,controleur gestion parc auto
196,controleur comptable
196,controleur gestion tanjombato
196,controleur interne agricole
196,controleur gestion responsablefinances tulear
60,coursier livreur
60,coursier
60,cosmetiques
60,cosmetologue
60,coursier coursiersodiat
60,noou garde denfants domicile
60,reception livraisons
60,couturier
60,livreur
60,lingere couturiere
60,planificateur livraison
60,coursier externe
60,encaisseur coursier
60,garde denfants noou
60,noou creche nnc
70,aide magasinier
70,magasin pieces rechange
70,magasinier
70,magasin
70,magasinier aide
70,responsables magasin
70,bagagiste
70,magasinier atelier
70,magasinier livraisons pl
70,reponsable magasin habillement
70,magasin pieces detachees
70,magasinier stockage matieres premieres recru ppn
70,magasinier achats fournitures
70,magasinier arbmag
135,freelance interfaces integrations crm
135,developpeureuse net freelance
135,business bb freelance remote approche humaine commerciale innovante
135,business freelance ar mois
135,freelance it
135,operateur bpo freelance op fl
135,offre mission commercial freelance offfree ankorondrano
135,designer uxui freelance
135,developpeureuse fullstack freelance
135,freelance traffic accot digital
243,direction
243,assistance direction
243,asssitante direction
12,inventoriste
12,infographiste
12,projet digital projet informatique expertise net angular
12,reseaux it
12,informaticien
12,reseaux systemes
12,gestionnaire reseau informatique
12,geek informatique developpement wordpress solutions microsoft
12,infographiste paodao
12,informatique
12,administrateur systeme reseaux
12,projet digital projet informatique
12,desystemes information geographiquener mobile app desystemes information geographiquener
12,gestionnaire reseaux sociaux
12,directeur projet informatique
12,uxui desystemes information geographiquener
12,systemes information geographique
12,projet digital projet informatique expertise vuejs angular go
12,informatique suivi dinfogerance tech info
12,ingenieur detude vrd reseaux electriques
12,informaticien maintenance
12,webmaster desystemes information geographiquener dapplication
12,ingenieurs developpement informatique
12,desystemes information geographiquener tele prospecteurtravail
12,conseiller informatique
12,informaticien gestion developpement reseaux
12,offre systemes reseaux
12,administrateur systemes reseaux helpdesk full remote
12,webdesystemes information geographiquener
12,reseaux systeme
12,ingenieur test informatique
12,ingenieur informatique industrielle
12,infographistephotographe
12,reseaux magasins
12,ingenieur informatique
12,infographiste infographiste
12,operateur reseaux sociaux bilingue
12,desystemes information geographiquener relume figma
12,ingenieur reseaux
12,projet digital departement informatique
12,administrateur systemes reseaux
12,ingenieur securite informatique
12,desystemes information geographiquen graphique
12,professeur developpement informatique
12,administrateur reseaux systemes
12,securite informatique
12,ingenieur developpement informatique
12,informaticien info
12,webdesystemes information geographiquener htmlcss
12,uiux desystemes information geographiquener
12,desystemes information geographiquener
12,gestionnaire parc informatique
12,administrateur systemes reseaux refod admi
12,informaticien maintenance special nuit week
120,finance financemanager
120,administratif financier
120,directeur financier ressources humaines
120,financier
120,directeur financier
120,comptabilite finance
120,credit micro finance
120,climate and public finance specialist
120,cadre comptable financier
120,controleur financier
120,financial planning and analysis
120,finance achats
120,collaborateur administratif financier
120,comptable financier
120,controle financier
120,controleur comptable financier
120,daccueil micro finance
120,consolidation financiere
120,administratif financier regional farafangana
120,financial planning analysis
120,financial controler
120,admistratif finance
120,finance
120,controle gestion gestion financiere
120,apprenti administratif financier projets
120,pilotage financier
120,administrative financiere raf
120,directeur administratif financier
29,laborantin
29,laboratoire
29,atelier particulier
29,particuliere
29,laboratin
29,particuliere pdg
29,laborantorin teinture
29,partenaire rh strategique
29,laborantincoloriste
141,carburant location
141,cariste magasin
141,dieseliste
141,carburant
141,cariste
216,boulanger patissier
216,boulanger
216,preparatricevendeuse boulangerie
216,rayon poissonerie boucherie
216,boulangers
216,production bougie
125,securite routiere sinorsr
125,securite parking
125,securite sante travail
125,securite ags tmm
125,securite
125,techniciens securite alimentaire moyens dexsitences
125,ssiap
125,securite ssiap
125,securite surete
172,conformite systeme
172,conformite groupe
172,concepteur formations conformite reglementaire
172,conformite
202,designer experimente
202,comptable experimente
202,wordpress experimente
202,directeur publication experimente
202,commerciaux experimentes
202,experimente
202,projet digital cuisinier experimente
59,cc engineer
59,ingenieur industriel
59,industrie
59,electricien industriel
59,network engineer
59,ingenieur industriel zr job
59,industriel
59,ip engineercomores
59,microwave engineer
59,industrial engineering officer
59,dessinateur industriel
59,machinistes laveurs industriels
59,ieindustrial engineer
59,industrial engineering
59,core network engineercomores
59,acheteur industriel karenjy
83,prise rendez
83,prise rdv op co
83,prise rendez vousrefac
83,prise rendez physique
83,operateur prise rdv bb
83,prise rdv courtage energie
83,prise rendez relation client bilingue
83,agents experimentes prise rendez
130,agents billetteries agents receptifs
130,agents dappui projet
130,agents credit pme
130,agents transit
130,agents commerciaux
130,agents quai transport cable
130,agents production poussins jour
130,agents redevabilite
130,agents supports clients
130,agents comptables
25,standardistes bilingues
25,standardiste
25,compositeur
25,maintenancier
58,graphic designer
58,graphic designer anglophone
58,motion designer
58,designer uiux
58,designer
58,monteur motion designer
58,photo designer
58,designer print produits creatifs narration visuelle
58,lead graphic designer project
58,directeur artistique specialise motion design
20,paoisteconducteur machines
20,paoiste
20,admin paie
20,paie
20,administration rh paie rap
20,paie budget
276,javaangularpython
276,javaangular devfullstack
1,developpeureuse jior front end moderne laravel
1,syliussymfony
1,laravel integration api data flows
1,full stack js symfony
1,php symfony
1,informaticien phpsymfony
1,fullstack phpsymfony react
1,phpsymfony
1,developpeurse laravel
1,symfony
1,symfony expert
1,php laravelsymfony bilingue
1,php symfony vuejs
1,full stack symfonyvuejs
1,laravel integration api chatgpt
69,business
69,business it
69,business resilience
69,business it digital
69,business bb
69,corporate
69,business export
69,business industry
69,infrastructure
69,business antsakaviro
69,infrastructure itasy
69,business local
69,setteur business to business
69,infrastructure it
69,business efficience
33,consultant si ref datacsi
33,fctional analyst ref fa
33,investment ref imedbm
33,team leader ref gmb sea
33,comptable ref datacompta
33,ref devqw
87,conseiller client germanophone
87,conseillers client franco hispanophone
87,traffic franco germanophone
87,it hotline francophone
87,operateur germanophone
87,traffic franco hispanophone
87,voyage germanophone
138,operateur surveillance
138,ingenieur surveillance projets
138,ingenieur surveillance projet
138,tracking
138,tracking video surveillance
259,tulear
259,maintenance jardinier tulear
259,serveuse tulear
259,maintenance tulear
126,recouvrement alaotra
126,pizzaiolo
126,caissier
126,caissiere snack pizza
126,caissiere
126,comptable caissier
126,serveur caissier
126,caissiere facturiere
126,caissierefacturiere
126,caissier by pass
126,caissiercaissiere
126,caissier principal
126,caisse
126,alaotra
126,caisse restauration
187,technico commercial
187,technico
187,techniciens frigoriste
187,ingenieurs techniciens agricoles
187,technologie linformation gestion connaissances
187,techniciens comptables
187,technicienne laboratoire analyses microbiologiques
187,techniciens comptables juillet
187,technicienne biologie vegetale
187,techniciens education bien tre lenfant
122,python bilingue
122,coach production bilingue
122,bilan
122,voyage bilingue experimente
122,coach qualite bilingue fr uk
122,client bilingue camping
122,interprete traducteur bilingue frang
122,coach qualite bilingue fren
122,moderateur bilingue fruk
122,bilingue ref pj
122,collaborateur bilingue fr
122,bilingue
122,bilingue frang
122,formateur bilingue fren
214,reservation novotel
214,ticketing
214,reservations
214,booking cotation
214,agents booking
214,reservation
96,powerapps
96,power bi
96,analyste talend business objects power bi
96,analyste power bi
96,analyste power bi etl sql
264,golang
264,statiticien
264,gouvernante generale
264,gouvernante
264,gouvernante gardien
44,ingenieur devops
44,ingenieur devops cdi full remote
44,aws developerengineer
44,devops apprenti mlops
44,win dev
44,programmeur php devops aws dev
44,ingenieur devops cloud
44,qualiticien devops
4,ressources humaines
4,developpement ressources humaines
4,ressources humaines base
4,gestionnaire ressources humaines
4,ressources humaines acquisition talents
4,responsabilite societale entreprise
4,ressources humaines sava
4,serveuresponsabilite societale entrepriserveuse
112,centre
112,formation
112,regional centre
112,centre formation
112,team leader centre dappel
146,accot
146,key accot officer
146,accots receivable specialist
146,accot executive
146,key accot
146,key accot cash transfer
146,key accot person
146,accot marketplace ammmmk
146,accotant
200,frigoriste sav
200,frigoriste
200,specialise froid
200,frigoriste maintenance
86,receptionniste anglophone f
86,receptionniste
86,receptionniste anjajavy
86,receptionniste dhotel
86,controleur receptionniste toliara
86,receptionniste femme
86,receptionnaire
86,receptionniste polyvalent rp
86,receptionniste projet digital
86,receptionniste polyvalent
139,confirme
139,surete groupe
139,php confirme
139,confirme cnet
82,concepteur
82,concepteur modules elearning specialise gpt
82,modeleur bim
82,modelisation developpement
82,modeleur talentueux
82,concepteur pedagogique cours comptabilite
82,concepteur pedagogique cours marketing digital
82,modeliste
82,concepteur sites wordpress
82,concepteur modules formation elearning
78,maintenance
78,qual maintenance q
78,ingenieur installations solaires maintenance
78,maintenance entretien panneaux solaires
78,maintenance industrielle
78,referent technique maintenance gmao
78,ingenieur maintenance
78,maintenance maintenance maint
78,maintenance travaux
78,maintenance materiel medical
78,systeme securite logistique maintenance
78,maintenance outillage
78,maintenance tdm tnn
78,maintenance logistique
78,techniciens maintenance secteur industriel tms si
78,maintenance industriel
78,maintenance tem maintenance main
78,maintenance tmsfoi
78,production maintenance prod
78,electrotechnicien maintenance gfly electro maintenance
78,execution travaux maintenance depannages
65,commerciaux terrains
65,projet digital plateau centre dappel
65,projet digital plateau
65,commerciaux terrain
65,coordonateur terrain certification
65,plateau
154,node js confirme
154,frontend javascript
154,nodejs
154,javascript
169,dexploitation maintenance
169,collaborateur dexpansion
169,dexpertise
169,dexploitation
169,chaine production produits dexport
244,comptable hf tsaralalana
168,referent technique
168,referent projets
168,referent projet
171,redaction seo copywriting
171,redacteur bac
171,redacteurtrice cours medecine sante
171,redacteur polyvalent
171,redacteur seo confirme
171,bureau redaction
171,redacteurrice augmente lia
171,redacteur fiche produit
171,redacteurs juridiques anglophones
171,redacteurtrice seo
171,qualite redaction
171,redacteur fiches produits
171,redacteurtrice
171,redacteur francophone
171,redacteur seo
103,developpeurs seniors front end angular
103,angular
103,fullstack angular java dev full
103,developper php angular
103,programmeur net angular
103,java angular
103,net angular
103,fullstack angular net
103,angularionic
103,net angular javascript typescript
93,administrateur ventes region
93,operateur vente ligne cc
93,ingenieurs commerciaux vente dassurance mutuelle sante
93,recherche expert creation tnel vente
93,adv administration ventes btob
93,ladministrateur ventes sadv
93,administrateur ventes bilingue frde
93,ladministration ventes
93,auxiliaire vente
93,administration ventes
93,projet digital vente
93,animateur ventes
93,administrateur vente
93,gestionnaire suivi apres vente
93,previsionniste ventes
93,promoteur ventes
93,stagiare service apres vente
93,administrateur ventes
93,animatrice vente maybelline bas
93,ventes
93,formateur vente dassurance mutuelle sante
93,animatrice vente estheticienne
93,ingenieur avant vente
93,animatrices vente
93,avant vente cisco
93,administration vente
93,commercialadministration ventes
93,vente libre service
93,administrateur vente urgent
93,vente
128,produit
128,qualite produit poste base ivato
128,lancement produit
128,projets ruraux agronomie
3,
3,erp
3,it
3,om
204,sage
204,consultante technique sage
204,consultante fonctionnelle sage
204,consultant confirme erp sage x
104,php
104,phplaravel full stack
104,phplaravel
104,php java
286,plombier
246,technique btp
246,projet digital projet btp
246,btp
246,ingenieur structure btp
246,superieur btp
246,ingenieur btp comptabilite finance
246,ingenieur btp service informatique fort
246,ingenieur btp
246,projet btp
246,ingenieur btp pharmacienne
246,dessinateur btp
246,polyvalent btp
47,mecanicien poids lourds
47,mecanicien
47,ambilombe
47,mecanique
47,mecanicien poids lourds engins fort dauphinanosy
47,mecanicien automobile concessionnaire
47,mecanicien poids lourd experimente
47,mecanicien poids lourd confirme mecanicien pl
47,atelier mecanique
47,mecanicien meca
47,mecanicien caterpillar
47,ambatosoa
47,mecanicien concessionnaire
164,graduate quality project
164,project
164,project ref pm
66,operations
66,operations commerce
66,operation
66,operationnel dactivite
66,general operations jour nuit
66,operationnel activites
66,gestionnaire operations tresorerie
66,operationnel
66,responsables operationnel dactivite
66,operations bilingue jour nuit
66,operations and logistics
32,credit
32,analyste risque credit
32,fraude risques
32,analyste credit moramanga
32,risques liquidite credit
32,analyste credit ankorondrano
32,controle credit
247,coach shopify
247,shopify growth
247,phpliquid woocommerce shopify
247,shopify
7,designer textile industriel
7,fibre optique
7,production textile
7,projet digital production textile
7,projet digital rayon
7,directeur production machine textile
7,ingenieur daudit reseau filaire cuivre fibre optique
7,methode production textile
7,echantillonneur
7,textile
7,approvisionnement textile
7,echantillonneur textile
7,directeur production textile
133,community management
133,community prospection digitale
80,service
80,service generaux
80,element libre service
80,employe libre serviceels kiabi
80,service informatique
80,service apres
80,prestataire service informatique
80,employes libre service
30,full stack experimente
30,full stack php ds
30,full stack confirme
30,full stack
30,frontend nextjs
30,full stack java spring boot vue js
30,full stack net
30,full stack specialise wordpress
30,mean stack
30,full stack nextjs typescript
30,frontend vuejs
30,lead full stack
30,full stack competences ia
30,full stack vuejs react
30,full stack js java
30,full stack nextjs
30,full stack front react back node cloud ready
30,full stack nodejsreact
30,mern stack
76,qualite environnement suivievaluation
76,housekeeping
76,qhygiene securite environnement
76,controle qualite hygiene
76,hygiene securite environnement
76,qualite hygiene securite environnement
76,hygiene securite environnements
185,transit
185,achats transit
185,transit transactions financieres
185,transit douane prod man
50,integrateur solutions saas
50,automatisation integration saas
50,automatisation ia
50,ingenieur qa automation
50,python odoo automatisation ia
177,comptable fournisseur
177,reglement fournisseur
177,sourcing relations fournisseurs
34,formateur technologies avancees transformation digitale
34,formateur nacre academy
34,formateurs excel
34,formateur sst
34,matre dhotel formateur restauration tulear
34,general formateur
34,formateur freelance bureautiquecollaboratif pao multimedia
34,formateur travaux hauteur
34,formateurformatrice freelance bureautique microsoft office
34,formateur autocadarchicad
34,plateforme digitale
34,gouvernant formateur tulear
34,formateurs professionnels
34,formateurs freelance
34,formateur experimente
34,formateurformatrice bureautiqueinformatique pao digital
34,formateur formatrice
34,formateur
34,formateur hsse
34,formateurtrices bureautique pao
34,formateur assistance technique
34,formateur utilisateur
34,createur plateforme
34,formateur base tulear nosy be
48,acheteur logisticien
48,consultant logistique
48,logistique
48,gestionnaire administratif logistique vatovavy
48,planificateur logistique
48,administration logistique
48,achats logistique
48,gestionnaire administratif logistique
48,stagiaires logistique achat ambovombe
48,ingenieur logistique
48,achats techniques logistiques
48,logisticien
48,logistique specialite
48,dequipe logistique
48,coordonnateur achats logistique
48,acheteur logistique
48,logistique recru ppn
48,logistique experimente
48,resolution problemes logiques linguistiques
48,ite logistique
48,stagiaires logistique technique
48,procurement and logistic achats logistique
48,exploitant logistique
48,achat logistique
48,approvisionnement logistique
261,team leader operations commerciales
261,team lead developpeurs
261,team leader fren
261,noc team leader
261,team leader enfr
261,team lead net
261,team leader business to business region
261,team leader
261,team lead
261,team leader front office
184,sav numerique
184,specialise sav
184,sav experimente
184,sav
39,enseignant sciences
39,enseignant allemand
39,conseil
39,enseignants
39,vendeurs conseil
39,vendeurs conseils
39,enseignant espagnol
39,enseignant
39,enseignant science vie terre
39,enseignante maternelle
39,vendeurs vendeuses
39,conceillers
39,enseignant anglais
39,vendeuse
18,projet digital datelier garage
18,projet digital datelier
18,atelier
18,projet digital datelier vl
18,datelier production ufi
18,bosch service atelier
18,projet digital datelier maintenance poids lourds
278,commication
278,commication officer
181,general ledger accotant
181,tax and general ledger accountant
148,corporate dossiers dassurances
148,dossier comptable
148,dossiers comptables
110,ouvrier polyvalent chantier maintenance
110,administratif magasinier chantier
110,surveillant chantier mamoa
110,chantier
75,testeur logiciel
75,expert recettage testing logiciel
75,logiciel
75,architecte logiciel
210,securite systemes dinformation
210,analyste metiers systeme informatique
210,systemes dinformation
210,systeme informatique
210,systeme management qualite
210,systemes informations
210,systeme dinformation
210,architecte systemes dinformations
252,assistan commerce
252,sap developper
252,prestataire ajouter produits application commerce
252,assistan comptable asstc
252,sap abap
16,operateur comptable
16,operateur traitement donnees techniques btp
16,operateurs polyvalents
16,operateur incinerateur
16,operateur noc
16,analyste operateur xml
16,operateur operatrice saisie
16,operateurs chaudiere
16,departement machine equipement agricole
16,operateur saisie
16,operateur
16,operateur machines
16,operateur ouvrier machine automatisee
16,operateurs traitement textes dimages
16,operateur back
16,operateur ecoute
16,operateur traitement donnees techniques
16,operateur machine bois
16,operateurstrices online
16,operateurs
186,developeur bubble
186,developeur full stack
186,developeur wordpress
115,back office geolocalisation interim
115,geomaticien sig
115,equipements geolocalisation
115,back office geolocalisation
166,gestionnaire campagnes publicitaires
166,pose entretien visuels publicitaires
178,dapplication mobile react native
178,react js react js
178,react native
178,react js
178,react nativeexpo
178,react angular
178,react js angular
178,front end react js
234,gestionnaire dentrepot
234,dentretien
234,juriste dentreprise
234,homme dentretien polyvalent
100,coordonnateur demarche rse
100,coordonnateur regional
100,coordonnateur impact social
100,coordinatrice
100,coordonnateur regional antsiranana
140,technique comptable
140,technique
140,methodes
140,methode
140,technique maintenance
140,methode agm
140,technique hotline it
140,methode agm tkm
140,hotline technique niv
140,technique commercial
140,technique mayotte
14,collecteurs col port berge
14,collecte fond
14,demarcheur bb
107,preparateurrice
107,preparateur carrossier
107,preparateur production plans maquettes bim
107,educatrice prescolaire
107,preparateurrice ref bbpmg prp
107,magasinier preparateur
107,pre
107,enseignante prescolaire
107,preparateur livreur
107,preparateur peintre
254,revenue assurance
254,assurance
254,assurance qualite
254,v assurance
254,ingenieur assurance qualite logicielle
254,acquisition energie
72,sous traitant
72,climaticien
72,dieteticien
167,back end sqlprogress openedge
211,couple femme menage homme tout faire
211,femmes menage polyvalentes
211,femme menage
211,gouvernante femme menage
211,femme menage fm snm
211,femme menagenenene
211,femme menage cuisiniere
263,integrateur odoo
263,integrateur
263,integrateur prestashopwordpress
263,integrateur wordpress
263,integrateur experimente
263,integrateurs wordpress
263,integrateur odoo jior
263,developpeuse specialisee api integration prestashop
176,java talend
176,talend
176,talend devtalendrh
2,production atsinanana
2,production
2,production broderie machine
2,operateur production
2,ite production soufflage pet
2,gestionnaire production atelier machine
2,production encaustique
2,production savon
2,staff production
2,production prod man
2,operateurtrice production
2,production developpement produits
158,gla
158,gpao
189,merchandiser base tan
189,tan rz
248,business tsimbazaza
248,gestionnaire projet tsimbazaza
5,hote
5,hse
5,formation hsse
5,hse rhse
5,hsse
5,hse terrain
5,lavage
5,detache hsse
5,assurance qualite hse
242,supply chain
242,demand planner projet digital projet supply chain hf
242,directeur supply chain
101,extraction donnees
101,gestion base donnees
101,saisie donnees
101,controleur bases donnees
163,vendeurs conseil materiaux construction
163,ouvrier lamineur materiaux composites
163,materiels energies
197,graphiste illustrateur
197,graphiste
197,graphiste designer
197,graphiste illustrateurrice
197,poste graphiste confirme
197,commity designer graphique
197,motion designer designer graphiste
197,graphiste uiux
197,operateur graphiste
197,graphiste pao
197,graphiste photographe videaste
197,graphiste motion designer
197,sous wordpress notion graphisme
197,graphiste multimedia
197,wordpress graphiste community notion ia
197,graphiste designer textile
197,graphistedeveloppeur cdi presentiel
197,graphiste creatif
197,graphiste confirme
197,graphiste experimente specialise photoshop illustrator
118,controleur maintenance poids lourds
118,electricen poids lourds
118,adjoint gestion flux poids lourds
118,electronicien poids lourds
118,pneumaticien poids lourd
236,offre
236,offre technique
40,business analyst odoo
40,consultant fonctionnel odoo
40,odoo
40,zoho
40,business analyst odoo bilingue
40,pmo
40,odoo project
40,experte odoo
40,confirmes odoo
40,fullstack odoo
40,developpeurs odoo experts
283,webflow
117,transcripteurs audio franais canadien
117,collaborateurstrices experimentees transcription fichiers audio
117,transcripteur medical
117,transcripteur audio fr
117,transcripteur correcteur audio
21,cadre doperation
21,doperation
21,dessinateur autocad
21,cadre production
21,cadremanager
21,cadres operationnels
21,matre douvrage delegue
21,dessinateur autocad cartographie
46,pharmacien diplome
46,medecin
46,comptoir pharmacie
46,pharmacien
46,biomedical
46,pharmacienne
182,copywriter ghostwriter commity
92,service advisor secteur automobile
92,parc auto
92,coupe
92,coupe rrc
92,parc automobile
68,acheteur anglophone
68,gestionnaire back office anglophone
68,operateur anglophone
68,bilingual accotant
68,production anglophone
68,forfaitiste anglophone
68,acheteurs logisticiens anglophone
68,acheteur technique anglophone
68,anglophone
68,annotateur anglophone
68,formateur anglophone
68,specialist integration api anglophone
68,moderateur anglophone
94,seo
94,seo affiliation
94,consultant seo
94,expert seo backlinks
94,expert seo
94,referenceur seo freelance
94,consultant seo freelance expert wordpress
129,forestier
129,responsables site plantation bambou
129,plantation
208,digital content editor
208,visual content creator motion storytelling reseaux
144,interimresponsable pole conseils
144,pole maintenance
144,pole inspector
245,outdoor
245,location
245,site
149,chat operators
149,communication evenementiel
149,communication
149,social behavior change communication officer
173,lean management reporting resp accco
173,reporting financial controller
173,budget reporting
137,achats approvisionnements
137,dapprovisionnement
137,approvisionneur local
137,approvisionnements
137,approvisionnement
137,approvisionneur
232,categories
272,dessinateurs dessinatrices bim plan topographique
272,topographes
272,topographe
272,geometre topographe
272,recrutement massif dessinateursdessinatrices plan topographique traitement reseaux
229,estheticienne suarez
229,estheticienne masseuse
229,masseuse suarez
229,masseuses therapeutes
229,masseuse
113,chiffreur
113,chimiste
113,production chimiste
113,bio chimiste cosmetologie
56,analanjirofoantsinanana responsablede anj
56,qhse habitants alentours sabotsy namehana
56,bureau detude echantillonage habitants alentours sabotsy namehana
56,methode industriel habitants alentours sabotsy namehana
56,merchandiser habitants alentours sabotsy namehana
73,directeur dhotel
73,maitre dhotel
73,directeur dhotel dirhotel
73,dhotel
73,matre dhotel
43,chauffeur tourisme
43,consultant organisation restaurant consu org rest
43,hotel restaurant luxe site agro touristique
43,comptable detablissement hotelier
43,tourisme hotellerie
43,project restauration
43,tourisme
43,logistique restauration econome mayotte
43,adjoint restaurant
43,restaurant
88,lead
88,sustainability lead
88,cat lead
88,lead developpeurnet seniors
88,lead tech react
88,generation leads
88,strategic learning lead
88,lead commercial
88,hr lead
88,lead typescript
77,serveur
77,barman barmaid
77,patronnier
77,barman b
77,barman
77,patronnierere lingerie
77,serveur barman
77,serveuse
77,charpentier
77,barman confirme
77,serveur barman sb
77,bar
35,projet digital dequipe operation shipping
35,consignation commetant maritime
35,consignation maritime nosy
35,shipping
35,consignation maritime polyvalent nosy be
35,international freight forwarding air sea freight
81,monteur youtube
81,montage video tiktok
81,createurcreatrice contenus videos youtube
81,monteur video graphiste mvg
81,monteur video
81,video codage
81,montage video
81,monteur video simples reseaux sociaux
81,monteur poseur meubles cuisine
81,monteur video shorts
81,monteur video style alex hormozi
81,stagiaires montage video
81,monteur video photo
81,monteur video podcast
81,poseur film
81,monteurs video
81,monteur video montage reels
99,net
99,ingenieur docker net
99,nettoyeur
99,nettoyage
165,animations
165,animateur animatrice
165,animateur commercial
165,graphic
165,animateur etou animatrice commaute
165,illustrateur ill
165,animateur atelier tolerie soudage
22,niveau
22,ist
22,call nuit
22,referent nuit
22,haut niveau
282,bdm
151,conseiller principal deducation
251,creation
251,fabrication
223,driver mentor
223,driver
223,personal driver
257,amoroni mania ihorombe
239,expert sig energies renouvelables
62,property
62,setter
108,ads
108,expert ads
108,expert publicites facebook google ads
108,social media maketing
108,facebook
108,facebook ads leadflow
191,gestion connaissances communication changement climatique migration interne
191,referent comptable migration
191,integrateur migration contenu
198,dinternat
198,dinstallation confirme
198,dinstallation tech
258,ingenieur daffaires preembauche remere formation metier multicloud infrastructure it embauche cdi
258,bid preembauche remere formation metier multicloud infrastructure it embauche cdi
152,adjoint projet digital dagence sambava aca sambv
152,projet developpement durable sambava
111,chr
111,ch metatrader
102,trafic emailing
102,email designer expert figma
102,prospection email
102,traffic emailing bilingue franais italien
102,traffic emailing
6,consultant expert zabbix glpi supervision integration itsm
6,cybersecurity architecture intern
127,office
127,receptionist
127,operateur back office jior
127,back office
127,office facility
127,back office fleeti
127,office fren
127,interimaire back office recouvrement corporate
127,service desk
127,comptable back office
238,operationnel pedagogique
238,conseiller pedagogique
238,pedagogique
27,jardinier pepinieriste
27,piste
27,garde piscine maurice
27,gardien jardinier
27,jardinier
27,pediatre
221,it helpdesk analyst
221,helpdesk
219,filemaker
195,programmeur ity webgl
195,programmeur plc
195,programmeur javascript
195,programmeur php
237,crochetteuse
237,projet digital datelier crochetraphia
273,developpeurse mobile ios android flutter
273,developpeureuse mobile flutter
273,front end flutter confirme
273,flutter flow
273,developpeureuse flutter freelance
279,stock preparation vehicules neufs
279,vehicules
279,vehicules neufs occasion
270,salle
270,salle rps
270,matre dhotel salle
270,maitre salle
270,commis salle
270,matre salle mantasoa lodge
13,conseillerere clientele propsecteur specialisee complements nutritionnels
13,nutrition sante
13,monitoring and evaluation coordinator transforming lives through nutrition flexible any cotry where helen keller has presence will be considered
90,performance
90,controle performance
90,reporting performance operationnelle
0,dop immobilier
0,equipements engins
0,business immobilier
0,dequipe
0,equipier
0,consultant immobilier freelance
0,societe immobiliere
179,metteur point
277,coach conduite
277,agents conduite ambatondrazaka
212,process vanille sava
285,menuisier
155,recrutement agents appel sortant
155,call center expert appel sortant
155,appel sortant aps
155,appel sortant projet requalification fiche aps
155,deux production specialise appels sortants
155,formateur specialise appels sortants
155,top specialise domaine appels sortants
265,administratif gestion inscriptions temps plein
230,coordinnateurs pedagogique rugby for change
230,formateur rugby for change
274,delevage black soldier fly
274,elevage black soldier fly
256,facturier
256,facturation
256,facturation saisie comptable
105,dop usine
105,hrbp
105,hrbp confirme
224,exclusivement profil medicalsante data labeler annotation dimages ultrasons
159,administratif import export
159,gestionnaire import export
159,logistique import export
159,importation
203,interim suivi operationnel
203,suivi evaluation
203,maintenance suivi projets
203,suivi production
194,detacheur
194,pieces detachees equipements engins poids lourd
194,pieces detachees
84,annotateurs images videos nuages points textes
84,annotateur mathematiques amia
84,annotateurs audio
253,rapprochement bancaire
63,head of scm
63,fidelisation crm
63,crc
150,trois
150,deux stagiaires qhse
41,line
41,branch
147,enseignant binome referent accompagnement pedagogique distance
201,interimaires commication interne
201,comptable interim
201,interimaire tax accoting controller
95,installation transmission tele prospecteurvision radio
95,apprenti ingenieur transmission fofh sdh
95,ingenieur radio design suivi projet interim
235,commerial nosy be
220,stagiaireapprenti media
220,medias modeles
220,media buyer
180,refrigeration
180,specialise refrigeration climatisation
280,geologue
280,psychologue clinicien
89,responsables site hybride
89,site hybride manambaro
157,governance risk compliance and culture intern
225,head of transformation
225,transformation innovation
54,tournant
54,windev
260,quality insurance
190,planification maintenance
190,planning
190,planification projet
17,partenariats secteur formation digital
17,formation mldevsecops full remote
255,linux embarque
227,ingenieur detudes froid ventilation climatisation
233,copper buyer
241,controleur permanent flux
241,flux
222,dispatcher medical
222,dispatcher logistique
269,rehabilitation
267,dynamics
131,grands comptes
131,gens maison
228,fdraising
228,fdraising officer
119,site chariots elevateurs
119,conducteur chariot elevateur gerbeur
119,cariste conducteur chariot elevateur
136,specialistes wash sbc
136,wash nutrition
132,educateureducatrice specialisee jee
132,intelligence artificielle
132,journaliste experimente specialise intelligence artificielle
132,educateureducatrice specialisee petite enfance
249,ruby
106,installations
106,huit installateurs photovoltaques
106,mecanicien installateur
217,professer dart primaire college
199,temps reel
287,avocat
287,avocat droit immobilier
275,reseaux physiques rrp
215,betsiboka base maevana
174,etudes note calcul
174,ingenieur calcul base
53,interprete chinois
53,enseignant mandarin chinois
53,traducteur chinois
53,maons
268,si
268,si metier finance
231,journaliste
231,journaliste polyvalent jnr p
207,closer
142,marches publics
240,perspectiviste
36,operateur extrusion
36,operateur machine decoupe laser
209,technical sampling operator
266,contenusemailing rce
